NCCFE	38.37291666666618	-96.49375000000065
NCCOT	38.38541666666615	-96.54791666666732
NCESG	38.38124999999949	-96.164583333334
NNAME	38.51041666666617	-96.30625000000067
NNDUN	38.54374999999947	-96.34375000000068
NNECW	38.43124999999949	-96.17708333333401
NNIOL	37.981249999999484	-95.50625000000065
NNLAB	37.164583333332835	-95.07291666666734
NNMIA	36.922916666666175	-94.95625000000068
NNRAP	38.37291666666618	-96.01041666666734
NNROY	38.07291666666614	-95.64375000000068
NNSTP	37.472916666666144	-95.152083333334
NSMCP	36.95208333333283	-94.7187500000007
NSWAC	37.25624999999949	-94.55208333333401
